person_id,taxonomy_type,taxonomy_slug,primary
P000001,industry,entertainment,1
P000001,industry,business,0
P000001,topic,philanthropy,0
P000001,platform,youtube,1
P000002,industry,entertainment,1
P000002,industry,business,0
P000002,topic,motivation,1
P000002,platform,youtube,1
P000003,industry,business,1
P000003,industry,media,0
P000003,topic,entrepreneurship,1
P000003,platform,youtube,1
P000003,platform,podcast,0
P000004,country,portugal,1
P000004,sport,football,1
P000004,industry,sports,1
P000004,topic,fitness,0
P000004,platform,instagram,1
P000005,country,argentina,1
P000005,sport,football,1
P000005,industry,sports,1
P000005,platform,instagram,1
P000006,country,united-states,1
P000006,industry,entertainment,1
P000006,industry,beauty,0
P000006,topic,music,1
P000006,platform,instagram,1
P000007,country,canada,1
P000007,industry,music,1
P000007,industry,entertainment,0
P000007,platform,instagram,1
P000008,country,united-states,1
P000008,sport,basketball,1
P000008,industry,sports,1
P000008,industry,business,0
P000008,platform,instagram,1
P000009,country,india,1
P000009,sport,cricket,1
P000009,industry,sports,1
P000009,topic,fitness,0
P000009,platform,instagram,1
P000010,country,united-states,1
P000010,industry,lifestyle,1
P000010,industry,fashion,0
P000010,topic,podcasting,0
P000010,platform,youtube,1
P000011,country,italy,1
P000011,industry,entertainment,1
P000011,topic,comedy,1
P000011,platform,tiktok,1
P000012,country,united-states,1
P000012,industry,technology,1
P000012,industry,media,0
P000012,topic,consumer-technology,1
P000012,topic,artificial-intelligence,0
P000012,platform,youtube,1
P000013,country,united-kingdom,1
P000013,industry,technology,1
P000013,topic,consumer-technology,1
P000013,topic,artificial-intelligence,0
P000013,platform,youtube,1
P000014,country,united-states,1
P000014,industry,beauty,1
P000014,industry,business,0
P000014,topic,makeup,1
P000014,topic,skincare,0
P000014,platform,instagram,1
R1,country,united-states,1
R1,industry,entertainment,1
R2,country,south-africa,1
R2,industry,entertainment,1
R3,country,united-states,1
R3,industry,entertainment,1
R4,country,united-states,1
R4,industry,entertainment,1
R5,country,chile,1
R5,industry,entertainment,1
R6,country,united-states,1
R6,industry,entertainment,1
R7,country,united-states,1
R7,industry,entertainment,1
R8,country,puerto-rico,1
R8,industry,entertainment,1
R9,country,brazil,1
R9,industry,entertainment,1
R10,country,barbados,1
R10,industry,entertainment,1
R11,country,united-kingdom,1
R11,industry,entertainment,1
R12,country,united-kingdom,1
R12,industry,entertainment,1
R13,country,united-kingdom,1
R13,industry,entertainment,1
R14,country,united-kingdom,1
R14,industry,entertainment,1
R15,country,netherlands,1
R15,industry,fashion-and-beauty,1
R16,country,netherlands,1
R16,industry,fashion-and-beauty,1
R17,country,venezuela,1
R17,industry,entertainment,1
R18,country,mexico,1
R18,industry,travel-and-hospitality,1
R19,country,mexico,1
R19,industry,fashion-and-beauty,1
R21,country,united-states,1
R21,industry,technology,1
R22,country,united-states,1
R22,industry,technology,1
R23,country,united-states,1
R23,industry,education,1
R25,country,united-states,1
R25,industry,fashion-and-beauty,1
R26,country,united-states,1
R26,industry,food-and-beverage,1
R27,country,united-states,1
R27,industry,food-and-beverage,1
R28,country,united-states,1
R28,industry,food-and-beverage,1
R29,country,united-states,1
R29,industry,entertainment,1
R31,country,israel,1
R31,industry,media,1
R32,country,united-states,1
R32,industry,travel-and-hospitality,1
R33,country,united-states,1
R33,industry,travel-and-hospitality,1
R35,country,united-states,1
R35,industry,education,1
R36,country,united-states,1
R36,industry,business-and-finance,1
R39,country,united-states,1
R39,industry,science-and-education,1
R40,country,united-states,1
R40,industry,science-and-education,1
R41,country,australia,1
R41,industry,science-and-education,1
R42,country,germany,1
R42,industry,science-and-education,1
R43,country,japan,1
R43,industry,entertainment,1
R44,country,sweden,1
R44,industry,gaming-and-esports,1
R45,country,south-korea,1
R45,industry,gaming-and-esports,1
R46,country,ukraine,1
R46,industry,gaming-and-esports,1
R47,country,poland,1
R47,industry,sports,1
R47,sport,tennis,0
R48,country,spain,1
R48,industry,sports,1
R48,sport,tennis,0
R49,country,italy,1
R49,industry,sports,1
R49,sport,tennis,0
R50,country,united-states,1
R50,industry,sports,1
R50,sport,tennis,0
R51,country,united-kingdom,1
R51,industry,sports,1
R51,sport,motorsport,0
R52,country,monaco,1
R52,industry,sports,1
R52,sport,motorsport,0
R53,country,australia,1
R53,industry,sports,1
R53,sport,motorsport,0
R54,country,united-states,1
R54,industry,sports,1
R54,sport,swimming,0
R55,country,united-states,1
R55,industry,sports,1
R55,sport,athletics,0
R56,country,united-states,1
R56,industry,sports,1
R56,sport,rugby,0
R57,country,united-states,1
R57,industry,sports,1
R57,sport,athletics,0
R58,country,south-korea,1
R58,industry,sports,1
R58,sport,football,0
R59,country,brazil,1
R59,industry,sports,1
R59,sport,football,0
R60,country,united-states,1
R60,industry,sports,1
R60,sport,football,0
R61,country,united-kingdom,1
R61,industry,sports,1
R61,sport,football,0
R62,country,united-states,1
R62,industry,sports,1
R62,sport,football,0
R63,country,brazil,1
R63,industry,sports,1
R63,sport,football,0
R64,country,india,1
R64,industry,sports,1
R64,sport,cricket,0
R65,country,pakistan,1
R65,industry,sports,1
R65,sport,cricket,0
R66,country,india,1
R66,industry,sports,1
R66,sport,cricket,0
R67,country,philippines,1
R67,industry,sports,1
R67,sport,boxing,0
R68,country,mexico,1
R68,industry,sports,1
R68,sport,boxing,0
R69,country,cameroon,1
R69,industry,sports,1
R69,sport,mma,0
R70,country,new-zealand,1
R70,industry,sports,1
R70,sport,mma,0
R71,country,united-states,1
R71,industry,sports,1
R71,sport,gymnastics,0
R72,country,japan,1
R72,industry,sports,1
R72,sport,tennis,0
R73,country,united-kingdom,1
R73,industry,sports,1
R73,sport,motorsport,0
R74,country,netherlands,1
R74,industry,sports,1
R74,sport,motorsport,0
R75,country,united-states,1
R75,industry,sports,1
R75,sport,basketball,0
R76,country,greece,1
R76,industry,sports,1
R76,sport,basketball,0
R77,country,slovenia,1
R77,industry,sports,1
R77,sport,basketball,0
R78,country,united-states,1
R78,industry,sports,1
R78,sport,basketball,0
R79,country,united-states,1
R79,industry,sports,1
R79,sport,basketball,0
R80,country,united-kingdom,1
R80,industry,sports,1
R80,sport,football,0
R81,country,united-states,1
R81,industry,fashion-and-beauty,1
R81,genre,beauty,1
R82,country,netherlands,1
R82,industry,fashion-and-beauty,1
R82,genre,beauty,1
R83,country,united-states,1
R83,industry,technology,1
R83,genre,technology,1
R85,country,united-states,1
R85,industry,technology,1
R85,genre,technology,1
R86,country,united-states,1
R86,industry,technology,1
R86,genre,technology,1
R87,country,united-states,1
R87,industry,entertainment,1
R87,genre,comedy,1
R88,country,united-states,1
R88,industry,entertainment,1
R88,genre,comedy,1
R89,country,united-states,1
R89,industry,science-and-education,1
R89,genre,science,1
R90,country,united-states,1
R90,industry,fashion-and-beauty,1
R90,genre,beauty,1
R91,country,united-states,1
R91,industry,fashion-and-beauty,1
R91,genre,beauty,1
R92,country,united-states,1
R92,industry,fashion-and-beauty,1
R92,genre,beauty,1
R93,country,brazil,1
R93,industry,fashion-and-beauty,1
R93,genre,fashion,1
R94,country,united-states,1
R94,industry,fashion-and-beauty,1
R94,genre,fashion,1
R95,country,italy,1
R95,industry,fashion-and-beauty,1
R95,genre,fashion,1
R96,country,netherlands,1
R96,industry,fashion-and-beauty,1
R96,genre,fashion,1
R97,country,united-states,1
R97,industry,fashion-and-beauty,1
R97,genre,beauty,1
R98,country,united-states,1
R98,industry,fashion-and-beauty,1
R98,genre,beauty,1
R100,country,united-states,1
R100,industry,food-and-beverage,1
R100,genre,food,1
R101,country,united-states,1
R101,industry,food-and-beverage,1
R101,genre,food,1
R102,country,germany,1
R102,industry,food-and-beverage,1
R102,genre,food,1
R103,country,united-arab-emirates,1
R103,industry,food-and-beverage,1
R103,genre,food,1
R104,country,israel,1
R104,industry,media,1
R104,genre,travel,1
R105,country,united-states,1
R105,industry,entertainment,1
R105,genre,entertainment,1
R106,country,italy,1
R106,industry,entertainment,1
R106,genre,comedy,1
R107,country,united-states,1
R107,industry,entertainment,1
R107,genre,entertainment,1
R108,country,united-states,1
R108,industry,fashion-and-beauty,1
R108,genre,lifestyle,1
R109,country,united-states,1
R109,industry,entertainment,1
R109,genre,entertainment,1
R110,country,united-states,1
R110,industry,lifestyle,1
R110,genre,lifestyle,1
R111,country,united-states,1
R111,industry,gaming-and-esports,1
R111,genre,gaming,1
R112,country,united-states,1
R112,industry,gaming-and-esports,1
R112,genre,gaming,1
R113,country,united-states,1
R113,industry,gaming-and-esports,1
R113,genre,gaming,1
R114,country,canada,1
R114,industry,gaming-and-esports,1
R114,genre,gaming,1
R115,country,australia,1
R115,industry,gaming-and-esports,1
R115,genre,gaming,1
R116,country,united-kingdom,1
R116,industry,gaming-and-esports,1
R116,genre,gaming,1
R117,country,united-states,1
R117,industry,gaming-and-esports,1
R117,genre,gaming,1
R118,country,united-kingdom,1
R118,industry,gaming-and-esports,1
R118,genre,gaming,1
R119,country,united-states,1
R119,industry,gaming-and-esports,1
R119,genre,gaming,1
R120,country,united-states,1
R120,industry,gaming-and-esports,1
R120,genre,gaming,1
R121,country,canada,1
R121,industry,gaming-and-esports,1
R121,genre,gaming,1
R122,country,spain,1
R122,industry,gaming-and-esports,1
R122,genre,gaming,1
R123,country,spain,1
R123,industry,gaming-and-esports,1
R123,genre,gaming,1
R124,country,spain,1
R124,industry,gaming-and-esports,1
R124,genre,gaming,1
R125,country,el-salvador,1
R125,industry,gaming-and-esports,1
R125,genre,gaming,1
R126,country,chile,1
R126,industry,gaming-and-esports,1
R126,genre,gaming,1
R127,country,netherlands,1
R127,industry,gaming-and-esports,1
R127,genre,gaming,1
R128,country,united-states,1
R128,industry,sports,1
R128,genre,basketball,1
R129,country,united-states,1
R129,industry,sports,1
R129,genre,sports,1
R130,country,united-kingdom,1
R130,industry,sports,1
R130,genre,extreme-sports,1
R131,country,austria,1
R131,industry,sports,1
R131,genre,sports,1
R132,country,united-kingdom,1
R132,industry,entertainment,1
R132,genre,gaming,1
R133,country,united-kingdom,1
R133,industry,business-and-finance,1
R133,genre,business,1
R134,country,united-states,1
R134,industry,business-and-finance,1
R134,genre,business,1
R135,country,united-states,1
R135,industry,business-and-finance,1
R135,genre,business,1
R136,country,south-africa,1
R136,industry,entertainment,1
R136,genre,comedy,1
R137,country,united-states,1
R137,industry,entertainment,1
R137,genre,film,1
R138,country,nigeria,1
R138,industry,entertainment,1
R138,genre,music,1
R139,country,nigeria,1
R139,industry,entertainment,1
R139,genre,music,1
R140,country,nigeria,1
R140,industry,entertainment,1
R140,genre,music,1
R141,country,nigeria,1
R141,industry,entertainment,1
R141,genre,music,1
R142,country,nigeria,1
R142,industry,entertainment,1
R142,genre,music,1
R143,country,kenya,1
R143,industry,entertainment,1
R143,genre,music,1
R144,country,kenya,1
R144,industry,entertainment,1
R144,genre,comedy,1
R145,country,kenya,1
R145,industry,entertainment,1
R145,genre,film,1
R146,country,south-africa,1
R146,industry,fashion-and-beauty,1
R146,genre,fashion,1
R147,country,south-africa,1
R147,industry,fashion-and-beauty,1
R147,genre,fashion,1
R148,country,south-africa,1
R148,industry,entertainment,1
R148,genre,comedy,1
R149,country,south-africa,1
R149,industry,fashion-and-beauty,1
R149,genre,beauty,1
R150,country,united-states,1
R150,industry,technology,1
R150,genre,technology,1
R151,country,united-arab-emirates,1
R151,industry,technology,1
R151,genre,technology,1
R152,country,united-arab-emirates,1
R152,industry,business-and-finance,1
R152,genre,business,1
R153,country,united-arab-emirates,1
R153,industry,fashion-and-beauty,1
R153,genre,beauty,1
R154,country,united-arab-emirates,1
R154,industry,automotive,1
R154,genre,automotive,1
R155,country,united-arab-emirates,1
R155,industry,media,1
R155,genre,lifestyle,1
R156,country,iraq,1
R156,industry,lifestyle,1
R156,genre,lifestyle,1
R157,country,united-arab-emirates,1
R157,industry,media,1
R157,genre,media,1
R158,country,egypt,1
R158,industry,entertainment,1
R158,genre,film,1
R159,country,lebanon,1
R159,industry,entertainment,1
R159,genre,music,1
R160,country,lebanon,1
R160,industry,entertainment,1
R160,genre,music,1
R161,country,lebanon,1
R161,industry,entertainment,1
R161,genre,music,1
R162,country,kuwait,1
R162,industry,fashion-and-beauty,1
R162,genre,beauty,1
R163,country,lebanon,1
R163,industry,fashion-and-beauty,1
R163,genre,beauty,1
R164,country,australia,1
R164,industry,media,1
R164,genre,media,1
R165,country,india,1
R165,industry,lifestyle,1
R165,genre,lifestyle,1
R166,country,india,1
R166,industry,entertainment,1
R166,genre,comedy,1
R167,country,india,1
R167,industry,entertainment,1
R167,genre,comedy,1
R168,country,india,1
R168,industry,entertainment,1
R168,genre,comedy,1
R169,country,india,1
R169,industry,entertainment,1
R169,genre,comedy,1
R170,country,india,1
R170,industry,fashion-and-beauty,1
R170,genre,fashion,1
R171,country,india,1
R171,industry,entertainment,1
R171,genre,comedy,1
R172,country,india,1
R172,industry,business-and-finance,1
R172,genre,business,1
R173,country,india,1
R173,industry,business-and-finance,1
R173,genre,business,1
R174,country,india,1
R174,industry,business-and-finance,1
R174,genre,business,1
R175,country,india,1
R175,industry,business-and-finance,1
R175,genre,business,1
R176,country,india,1
R176,industry,personal-development,1
R176,genre,personal-development,1
R177,country,india,1
R177,industry,gaming-and-esports,1
R177,genre,gaming,1
R178,country,india,1
R178,industry,gaming-and-esports,1
R178,genre,gaming,1
R179,country,india,1
R179,industry,gaming-and-esports,1
R179,genre,gaming,1
R180,country,india,1
R180,industry,gaming-and-esports,1
R180,genre,esports,1
R181,country,india,1
R181,industry,gaming-and-esports,1
R181,genre,gaming,1
R182,country,india,1
R182,industry,entertainment,1
R182,genre,film,1
R183,country,india,1
R183,industry,entertainment,1
R183,genre,film,1
R184,country,india,1
R184,industry,entertainment,1
R184,genre,film,1
R185,country,india,1
R185,industry,entertainment,1
R185,genre,film,1
R186,country,india,1
R186,industry,entertainment,1
R186,genre,film,1
R187,country,india,1
R187,industry,entertainment,1
R187,genre,film,1
R188,country,india,1
R188,industry,entertainment,1
R188,genre,film,1
R189,country,india,1
R189,industry,food-and-beverage,1
R189,genre,food,1
R190,country,india,1
R190,industry,entertainment,1
R190,genre,comedy,1
R191,country,united-states,1
R191,industry,technology,1
R191,genre,technology,1
R192,country,united-states,1
R192,industry,fitness-and-wellness,1
R192,genre,fitness,1
R193,country,germany,1
R193,industry,fitness-and-wellness,1
R193,genre,fitness,1
R194,country,australia,1
R194,industry,fitness-and-wellness,1
R194,genre,fitness,1
R195,country,united-kingdom,1
R195,industry,fitness-and-wellness,1
R195,genre,fitness,1
R196,country,united-kingdom,1
R196,industry,fitness-and-wellness,1
R196,genre,fitness,1
R197,country,germany,1
R197,industry,fitness-and-wellness,1
R197,genre,fitness,1
R198,country,australia,1
R198,industry,fitness-and-wellness,1
R198,genre,fitness,1
R199,country,united-kingdom,1
R199,industry,fitness-and-wellness,1
R199,genre,fitness,1
R200,country,canada,1
R200,industry,fitness-and-wellness,1
R200,genre,fitness,1
R201,country,canada,1
R201,industry,fitness-and-wellness,1
R201,genre,fitness,1
R202,country,united-states,1
R202,industry,health-and-wellness,1
R202,genre,health,1
R203,country,united-states,1
R203,industry,health-and-wellness,1
R203,genre,health,1
R204,country,united-states,1
R204,industry,travel-and-hospitality,1
R204,genre,travel,1
R205,country,canada,1
R205,industry,travel-and-hospitality,1
R205,genre,travel,1
R206,country,canada,1
R206,industry,travel-and-hospitality,1
R206,genre,travel,1
R207,country,australia,1
R207,industry,travel-and-hospitality,1
R207,genre,travel,1
R208,country,united-states,1
R208,industry,travel-and-hospitality,1
R208,genre,travel,1
R209,country,united-states,1
R209,industry,travel-and-hospitality,1
R209,genre,travel,1
R210,country,united-states,1
R210,industry,food-and-beverage,1
R210,genre,food,1
R211,country,united-states,1
R211,industry,lifestyle,1
R211,genre,lifestyle,1
R212,country,united-states,1
R212,industry,personal-development,1
R212,genre,lifestyle,1
R213,country,united-kingdom,1
R213,industry,personal-development,1
R213,genre,personal-development,1
R214,country,india,1
R214,industry,personal-development,1
R214,genre,personal-development,1
R215,country,india,1
R215,industry,personal-development,1
R215,genre,personal-development,1
R216,country,india,1
R216,industry,fitness-and-wellness,1
R216,genre,fitness,1
R217,country,india,1
R217,industry,entertainment,1
R217,genre,comedy,1
R218,country,united-states,1
R218,industry,media,1
R218,genre,media,1
p89829e8,country,rwanda,false
p89829e8,region,africa,false
p89829e8,industry,music,true
p89829e8,industry,media,false
p89829e8,person_type,public-figure,true
pf072746,country,rwanda,false
pf072746,region,africa,false
pf072746,industry,music,true
pf072746,person_type,influencer,true
pe9de33d,country,rwanda,false
pe9de33d,region,africa,false
pe9de33d,industry,dance,true
pe9de33d,industry,entertainment,false
pe9de33d,person_type,influencer,true
p1d220a6,country,uganda,false
p1d220a6,region,africa,false
p1d220a6,industry,music,true
p1d220a6,person_type,public-figure,true
p419f4c5,country,uganda,false
p419f4c5,region,africa,false
p419f4c5,industry,entertainment,true
p419f4c5,industry,comedy,false
p419f4c5,person_type,influencer,true
p7bbb3a5,country,uganda,false
p7bbb3a5,region,africa,false
p7bbb3a5,industry,music,true
p7bbb3a5,industry,entertainment,false
p7bbb3a5,person_type,public-figure,true
p1ea14e1,country,tanzania,false
p1ea14e1,region,africa,false
p1ea14e1,industry,music,true
p1ea14e1,industry,entertainment,false
p1ea14e1,person_type,public-figure,true
pb046669,country,tanzania,false
pb046669,region,africa,false
pb046669,industry,music,true
pb046669,industry,entertainment,false
pb046669,person_type,public-figure,true
p9739049,country,tanzania,false
p9739049,region,africa,false
p9739049,industry,media,true
p9739049,industry,entertainment,false
p9739049,person_type,influencer,true
p8f9c801,country,ethiopia,false
p8f9c801,region,africa,false
p8f9c801,industry,entertainment,true
p8f9c801,industry,comedy,false
p8f9c801,person_type,influencer,true
p31de439,country,ethiopia,false
p31de439,region,africa,false
p31de439,industry,music,true
p31de439,industry,entertainment,false
p31de439,person_type,public-figure,true
p8e0d066,country,senegal,false
p8e0d066,region,africa,false
p8e0d066,industry,sports,true
p8e0d066,person_type,public-figure,true
pf95f9e8,country,senegal,false
pf95f9e8,region,africa,false
pf95f9e8,industry,music,true
pf95f9e8,industry,entertainment,false
pf95f9e8,person_type,public-figure,true
p24eb99f,country,senegal,false
p24eb99f,region,africa,false
p24eb99f,industry,music,true
p24eb99f,industry,entertainment,false
p24eb99f,person_type,influencer,true
p3e605eb,country,c-te-d-ivoire,false
p3e605eb,region,africa,false
p3e605eb,industry,sports,true
p3e605eb,person_type,public-figure,true
p6a21e15,country,c-te-d-ivoire,false
p6a21e15,region,africa,false
p6a21e15,industry,music,true
p6a21e15,industry,entertainment,false
p6a21e15,person_type,influencer,true
pfb2c89c,country,cameroon,false
pfb2c89c,region,africa,false
pfb2c89c,industry,sports,true
pfb2c89c,person_type,public-figure,true
pc1ea475,country,cameroon,false
pc1ea475,region,africa,false
pc1ea475,industry,music,true
pc1ea475,person_type,public-figure,true
p6983e23,country,morocco,false
p6983e23,region,africa,false
p6983e23,industry,music,true
p6983e23,person_type,public-figure,true
p68dbcd3,country,morocco,false
p68dbcd3,region,africa,false
p68dbcd3,industry,fashion,true
p68dbcd3,industry,beauty,false
p68dbcd3,person_type,influencer,true
pf349686,country,algeria,false
pf349686,region,africa,false
pf349686,industry,sports,true
pf349686,person_type,public-figure,true
pae8f134,country,algeria,false
pae8f134,region,africa,false
pae8f134,industry,music,true
pae8f134,person_type,public-figure,true
p8814b74,country,tunisia,false
p8814b74,region,africa,false
p8814b74,industry,sports,true
p8814b74,person_type,public-figure,true
pec84179,country,tunisia,false
pec84179,region,africa,false
pec84179,industry,music,true
pec84179,person_type,public-figure,true
p00b753d,country,bangladesh,false
p00b753d,region,asia,false
p00b753d,industry,sports,true
p00b753d,person_type,public-figure,true
p8b3b2f8,country,bangladesh,false
p8b3b2f8,region,asia,false
p8b3b2f8,industry,music,true
p8b3b2f8,industry,entertainment,false
p8b3b2f8,person_type,public-figure,true
p84661d8,country,bangladesh,false
p84661d8,region,asia,false
p84661d8,industry,entertainment,true
p84661d8,industry,comedy,false
p84661d8,person_type,influencer,true
pdd74be7,country,pakistan,false
pdd74be7,region,asia,false
pdd74be7,industry,entertainment,true
pdd74be7,industry,travel,false
pdd74be7,person_type,influencer,true
pa526bbd,country,pakistan,false
pa526bbd,region,asia,false
pa526bbd,industry,travel,true
pa526bbd,industry,entertainment,false
pa526bbd,person_type,influencer,true
p557f7bb,country,pakistan,false
p557f7bb,region,asia,false
p557f7bb,industry,entertainment,true
p557f7bb,industry,comedy,false
p557f7bb,person_type,influencer,true
pf777756,country,sri-lanka,false
pf777756,region,asia,false
pf777756,industry,sports,true
pf777756,person_type,public-figure,true
p8d4dfa1,country,sri-lanka,false
p8d4dfa1,region,asia,false
p8d4dfa1,industry,sports,true
p8d4dfa1,person_type,public-figure,true
p5ce92f6,country,sri-lanka,false
p5ce92f6,region,asia,false
p5ce92f6,industry,travel,true
p5ce92f6,industry,lifestyle,false
p5ce92f6,person_type,influencer,true
p7aa29d4,country,vietnam,false
p7aa29d4,region,asia,false
p7aa29d4,industry,music,true
p7aa29d4,industry,entertainment,false
p7aa29d4,person_type,public-figure,true
p0f2a500,country,vietnam,false
p0f2a500,region,asia,false
p0f2a500,industry,travel,true
p0f2a500,industry,food,false
p0f2a500,person_type,influencer,true
pba8b9ca,country,vietnam,false
pba8b9ca,region,asia,false
pba8b9ca,industry,lifestyle,true
pba8b9ca,industry,education,false
pba8b9ca,person_type,influencer,true
p702c6cf,country,cambodia,false
p702c6cf,region,asia,false
p702c6cf,industry,music,true
p702c6cf,person_type,public-figure,true
pc1d9eef,country,cambodia,false
pc1d9eef,region,asia,false
pc1d9eef,industry,lifestyle,true
pc1d9eef,industry,entertainment,false
pc1d9eef,person_type,influencer,true
pbe7dd3f,country,laos,false
pbe7dd3f,region,asia,false
pbe7dd3f,industry,lifestyle,true
pbe7dd3f,industry,entertainment,false
pbe7dd3f,person_type,influencer,true
pa8516ef,country,mongolia,false
pa8516ef,region,asia,false
pa8516ef,industry,history,true
pa8516ef,industry,public-figures,false
pa8516ef,person_type,public-figure,true
pe495cd5,country,kazakhstan,false
pe495cd5,region,asia,false
pe495cd5,industry,sports,true
pe495cd5,person_type,public-figure,true
pa094502,country,kazakhstan,false
pa094502,region,asia,false
pa094502,industry,music,true
pa094502,person_type,public-figure,true
p45da8c0,country,kazakhstan,false
p45da8c0,region,asia,false
p45da8c0,industry,business,true
p45da8c0,person_type,public-figure,true
p31d0137,country,uzbekistan,false
p31d0137,region,asia,false
p31d0137,industry,sports,true
p31d0137,person_type,public-figure,true
p5ea1457,country,uzbekistan,false
p5ea1457,region,asia,false
p5ea1457,industry,music,true
p5ea1457,person_type,public-figure,true
p16738eb,country,kyrgyzstan,false
p16738eb,region,asia,false
p16738eb,industry,sports,true
p16738eb,person_type,public-figure,true
pda070c4,country,kyrgyzstan,false
pda070c4,region,asia,false
pda070c4,industry,travel,true
pda070c4,industry,lifestyle,false
pda070c4,person_type,influencer,true
p5c7d92d,country,serbia,false
p5c7d92d,region,europe,false
p5c7d92d,industry,sports,true
p5c7d92d,person_type,public-figure,true
p00b6364,country,serbia,false
p00b6364,region,europe,false
p00b6364,industry,sports,true
p00b6364,person_type,public-figure,true
p430be1a,country,serbia,false
p430be1a,region,europe,false
p430be1a,industry,fashion,true
p430be1a,industry,beauty,false
p430be1a,person_type,influencer,true
pd4aec6f,country,croatia,false
pd4aec6f,region,europe,false
pd4aec6f,industry,sports,true
pd4aec6f,person_type,public-figure,true
p89a0fbe,country,croatia,false
p89a0fbe,region,europe,false
p89a0fbe,industry,technology,true
p89a0fbe,industry,business,false
p89a0fbe,person_type,public-figure,true
p7b58be4,country,slovenia,false
p7b58be4,region,europe,false
p7b58be4,industry,sports,true
p7b58be4,person_type,public-figure,true
p9f8bee9,country,bosnia-and-herzegovina,false
p9f8bee9,region,europe,false
p9f8bee9,industry,sports,true
p9f8bee9,person_type,public-figure,true
p29865f6,country,albania,false
p29865f6,region,europe,false
p29865f6,industry,entertainment,true
p29865f6,industry,comedy,false
p29865f6,person_type,influencer,true
pe27b5d9,country,north-macedonia,false
pe27b5d9,region,europe,false
pe27b5d9,industry,sports,true
pe27b5d9,person_type,public-figure,true
p7c96079,country,denmark,false
p7c96079,region,europe,false
p7c96079,industry,sports,true
p7c96079,person_type,public-figure,true
p307898d,country,denmark,false
p307898d,region,europe,false
p307898d,industry,entertainment,true
p307898d,person_type,influencer,true
pd205518,country,finland,false
pd205518,region,europe,false
pd205518,industry,sports,true
pd205518,person_type,public-figure,true
pd411d97,country,finland,false
pd411d97,region,europe,false
pd411d97,industry,entertainment,true
pd411d97,industry,music,false
pd411d97,person_type,influencer,true
p4c5e78b,country,iceland,false
p4c5e78b,region,europe,false
p4c5e78b,industry,sports,true
p4c5e78b,industry,entertainment,false
p4c5e78b,person_type,public-figure,true
pe962637,country,estonia,false
pe962637,region,europe,false
pe962637,industry,fashion,true
pe962637,person_type,public-figure,true
pd3199a8,country,latvia,false
pd3199a8,region,europe,false
pd3199a8,industry,sports,true
pd3199a8,person_type,public-figure,true
pe43c8f5,country,lithuania,false
pe43c8f5,region,europe,false
pe43c8f5,industry,sports,true
pe43c8f5,person_type,public-figure,true
pd7d9017,country,new-zealand,false
pd7d9017,region,oceania,false
pd7d9017,industry,music,true
pd7d9017,person_type,public-figure,true
p9067fbe,country,new-zealand,false
p9067fbe,region,oceania,false
p9067fbe,industry,photography,true
p9067fbe,industry,education,false
p9067fbe,person_type,influencer,true
p30ffc5e,country,fiji,false
p30ffc5e,region,oceania,false
p30ffc5e,industry,sports,true
p30ffc5e,person_type,public-figure,true
p555093d,country,jamaica,false
p555093d,region,caribbean,false
p555093d,industry,sports,true
p555093d,person_type,public-figure,true
p05e9703,country,jamaica,false
p05e9703,region,caribbean,false
p05e9703,industry,music,true
p05e9703,person_type,public-figure,true
pb757560,country,trinidad-and-tobago,false
pb757560,region,caribbean,false
pb757560,industry,music,true
pb757560,industry,entertainment,false
pb757560,person_type,public-figure,true
p1277696,country,haiti,false
p1277696,region,caribbean,false
p1277696,industry,music,true
p1277696,person_type,public-figure,true
pf16bb38,country,bangladesh,false
pf16bb38,region,asia,false
pf16bb38,industry,film,true
pf16bb38,industry,music,false
pf16bb38,person_type,public-figure,true
pe15dfc4,country,bangladesh,false
pe15dfc4,region,asia,false
pe15dfc4,industry,entertainment,true
pe15dfc4,person_type,public-figure,true
pccc7c57,country,bangladesh,false
pccc7c57,region,asia,false
pccc7c57,industry,education,true
pccc7c57,person_type,influencer,true
pa447b6b,country,pakistan,false
pa447b6b,region,asia,false
pa447b6b,industry,music,true
pa447b6b,person_type,public-figure,true
p0cbc8a0,country,pakistan,false
p0cbc8a0,region,asia,false
p0cbc8a0,industry,film,true
p0cbc8a0,industry,fashion,false
p0cbc8a0,person_type,public-figure,true
p88ab6cb,country,pakistan,false
p88ab6cb,region,asia,false
p88ab6cb,industry,entertainment,true
p88ab6cb,industry,lifestyle,false
p88ab6cb,person_type,influencer,true
p4aab68e,country,sri-lanka,false
p4aab68e,region,asia,false
p4aab68e,industry,film,true
p4aab68e,industry,fashion,false
p4aab68e,person_type,public-figure,true
pbd10dcf,country,sri-lanka,false
pbd10dcf,region,asia,false
pbd10dcf,industry,music,true
pbd10dcf,person_type,public-figure,true
p0507a7d,country,sri-lanka,false
p0507a7d,region,asia,false
p0507a7d,industry,sports,true
p0507a7d,person_type,public-figure,true
pe9fe2fc,country,nepal,false
pe9fe2fc,region,asia,false
pe9fe2fc,industry,travel,true
pe9fe2fc,industry,photography,false
pe9fe2fc,person_type,influencer,true
pfa55dcc,country,nepal,false
pfa55dcc,region,asia,false
pfa55dcc,industry,film,true
pfa55dcc,person_type,public-figure,true
pe971b5f,country,nepal,false
pe971b5f,region,asia,false
pe971b5f,industry,sports,true
pe971b5f,person_type,public-figure,true
pccf6e39,country,bhutan,false
pccf6e39,region,asia,false
pccf6e39,industry,public-figures,true
pccf6e39,person_type,public-figure,true
pc235199,country,maldives,false
pc235199,region,asia,false
pc235199,industry,lifestyle,true
pc235199,industry,travel,false
pc235199,person_type,influencer,true
p25937d4,country,vietnam,false
p25937d4,region,asia,false
p25937d4,industry,food,true
p25937d4,industry,travel,false
p25937d4,person_type,influencer,true
p0b34c65,country,vietnam,false
p0b34c65,region,asia,false
p0b34c65,industry,entertainment,true
p0b34c65,industry,comedy,false
p0b34c65,person_type,influencer,true
p417ae2f,country,thailand,false
p417ae2f,region,asia,false
p417ae2f,industry,film,true
p417ae2f,industry,music,false
p417ae2f,person_type,public-figure,true
pfc9b149,country,thailand,false
pfc9b149,region,asia,false
pfc9b149,industry,music,true
pfc9b149,person_type,public-figure,true
pb842320,country,cambodia,false
pb842320,region,asia,false
pb842320,industry,music,true
pb842320,person_type,public-figure,true
p28a6d88,country,cambodia,false
p28a6d88,region,asia,false
p28a6d88,industry,lifestyle,true
p28a6d88,industry,entertainment,false
p28a6d88,person_type,influencer,true
pf743f28,country,indonesia,false
pf743f28,region,asia,false
pf743f28,industry,music,true
pf743f28,industry,education,false
pf743f28,person_type,public-figure,true
pa82bb8b,country,indonesia,false
pa82bb8b,region,asia,false
pa82bb8b,industry,lifestyle,true
pa82bb8b,industry,comedy,false
pa82bb8b,person_type,influencer,true
p939b6c0,country,indonesia,false
p939b6c0,region,asia,false
p939b6c0,industry,education,true
p939b6c0,industry,lifestyle,false
p939b6c0,person_type,influencer,true
p59dffab,country,indonesia,false
p59dffab,region,asia,false
p59dffab,industry,music,true
p59dffab,person_type,public-figure,true
pf617ccf,country,malaysia,false
pf617ccf,region,asia,false
pf617ccf,industry,film,true
pf617ccf,person_type,public-figure,true
p6fedd99,country,malaysia,false
p6fedd99,region,asia,false
p6fedd99,industry,film,true
p6fedd99,industry,entertainment,false
p6fedd99,person_type,influencer,true
p35471c4,country,malaysia,false
p35471c4,region,asia,false
p35471c4,industry,music,true
p35471c4,industry,film,false
p35471c4,person_type,public-figure,true
pe53cbd8,country,philippines,false
pe53cbd8,region,asia,false
pe53cbd8,industry,entertainment,true
pe53cbd8,industry,comedy,false
pe53cbd8,person_type,influencer,true
p2709f03,country,philippines,false
p2709f03,region,asia,false
p2709f03,industry,comedy,true
p2709f03,industry,lifestyle,false
p2709f03,person_type,influencer,true
p6d65c42,country,mongolia,false
p6d65c42,region,asia,false
p6d65c42,industry,sports,true
p6d65c42,person_type,public-figure,true
pe708d32,country,mongolia,false
pe708d32,region,asia,false
pe708d32,industry,music,true
pe708d32,industry,fashion,false
pe708d32,person_type,public-figure,true
pa395b8c,country,kazakhstan,false
pa395b8c,region,asia,false
pa395b8c,industry,sports,true
pa395b8c,person_type,public-figure,true
pc8fa516,country,kazakhstan,false
pc8fa516,region,asia,false
pc8fa516,industry,sports,true
pc8fa516,person_type,public-figure,true
pec92840,country,uzbekistan,false
pec92840,region,asia,false
pec92840,industry,sports,true
pec92840,person_type,public-figure,true
pfaf1b60,country,uzbekistan,false
pfaf1b60,region,asia,false
pfaf1b60,industry,music,true
pfaf1b60,person_type,public-figure,true
pa1ee5af,country,kyrgyzstan,false
pa1ee5af,region,asia,false
pa1ee5af,industry,sports,true
pa1ee5af,person_type,public-figure,true
pa8c1c24,country,georgia,false
pa8c1c24,region,europe,false
pa8c1c24,industry,sports,true
pa8c1c24,person_type,public-figure,true
p5940a17,country,georgia,false
p5940a17,region,europe,false
p5940a17,industry,music,true
p5940a17,person_type,public-figure,true
pe4a4cee,country,armenia,false
pe4a4cee,region,europe,false
pe4a4cee,industry,sports,true
pe4a4cee,person_type,public-figure,true
pfa30c2c,country,armenia,false
pfa30c2c,region,europe,false
pfa30c2c,industry,music,true
pfa30c2c,industry,entertainment,false
pfa30c2c,person_type,public-figure,true
p3c47a26,country,azerbaijan,false
p3c47a26,region,europe,false
p3c47a26,industry,music,true
p3c47a26,person_type,influencer,true
pca3dacc,country,azerbaijan,false
pca3dacc,region,europe,false
pca3dacc,industry,sports,true
pca3dacc,person_type,public-figure,true
p089ae35,country,serbia,false
p089ae35,region,europe,false
p089ae35,industry,sports,true
p089ae35,industry,business,false
p089ae35,person_type,public-figure,true
p65928d6,country,croatia,false
p65928d6,region,europe,false
p65928d6,industry,sports,true
p65928d6,person_type,public-figure,true
p986160a,country,slovenia,false
p986160a,region,europe,false
p986160a,industry,sports,true
p986160a,person_type,public-figure,true
p9afed43,country,bosnia-and-herzegovina,false
p9afed43,region,europe,false
p9afed43,industry,music,true
p9afed43,person_type,public-figure,true
pfa1f673,country,montenegro,false
pfa1f673,region,europe,false
pfa1f673,industry,sports,true
pfa1f673,person_type,public-figure,true
pe66eda5,country,albania,false
pe66eda5,region,europe,false
pe66eda5,industry,music,true
pe66eda5,industry,fashion,false
pe66eda5,person_type,public-figure,true
p5972eed,country,north-macedonia,false
p5972eed,region,europe,false
p5972eed,industry,music,true
p5972eed,person_type,public-figure,true
p4d9d594,country,bulgaria,false
p4d9d594,region,europe,false
p4d9d594,industry,sports,true
p4d9d594,person_type,public-figure,true
p4f22a13,country,moldova,false
p4f22a13,region,europe,false
p4f22a13,industry,music,true
p4f22a13,person_type,public-figure,true
p0315856,country,ukraine,false
p0315856,region,europe,false
p0315856,industry,sports,true
p0315856,person_type,public-figure,true
p3c80088,country,ukraine,false
p3c80088,region,europe,false
p3c80088,industry,music,true
p3c80088,person_type,public-figure,true
p3bc0e8a,country,belarus,false
p3bc0e8a,region,europe,false
p3bc0e8a,industry,sports,true
p3bc0e8a,person_type,public-figure,true
p2781cb9,country,lithuania,false
p2781cb9,region,europe,false
p2781cb9,industry,sports,true
p2781cb9,person_type,public-figure,true
p684f7a4,country,latvia,false
p684f7a4,region,europe,false
p684f7a4,industry,music,true
p684f7a4,person_type,public-figure,true
p520c6b8,country,estonia,false
p520c6b8,region,europe,false
p520c6b8,industry,music,true
p520c6b8,industry,art,false
p520c6b8,person_type,public-figure,true
p1fd0dca,country,finland,false
p1fd0dca,region,europe,false
p1fd0dca,industry,music,true
p1fd0dca,person_type,public-figure,true
p4ef2631,country,denmark,false
p4ef2631,region,europe,false
p4ef2631,industry,film,true
p4ef2631,industry,entertainment,false
p4ef2631,person_type,public-figure,true
pd29c8c6,country,iceland,false
pd29c8c6,region,europe,false
pd29c8c6,industry,music,true
pd29c8c6,industry,art,false
pd29c8c6,person_type,public-figure,true
p0924941,country,ireland,false
p0924941,region,europe,false
p0924941,industry,gaming,true
p0924941,industry,entertainment,false
p0924941,person_type,influencer,true
pfa2970c,country,scotland,false
pfa2970c,region,europe,false
pfa2970c,industry,music,true
pfa2970c,person_type,public-figure,true
p93dc47d,country,wales,false
p93dc47d,region,europe,false
p93dc47d,industry,sports,true
p93dc47d,person_type,public-figure,true
p2db9817,country,new-zealand,false
p2db9817,region,oceania,false
p2db9817,industry,sports,true
p2db9817,person_type,public-figure,true
p9070fe5,country,new-zealand,false
p9070fe5,region,oceania,false
p9070fe5,industry,film,true
p9070fe5,industry,entertainment,false
p9070fe5,person_type,public-figure,true
p0d0ad2f,country,fiji,false
p0d0ad2f,region,oceania,false
p0d0ad2f,industry,sports,true
p0d0ad2f,person_type,public-figure,true
pcd7dc83,country,jamaica,false
pcd7dc83,region,caribbean,false
pcd7dc83,industry,sports,true
pcd7dc83,industry,business,false
pcd7dc83,person_type,public-figure,true
pc2e8c72,country,barbados,false
pc2e8c72,region,caribbean,false
pc2e8c72,industry,music,true
pc2e8c72,person_type,public-figure,true
p1feff2a,country,haiti,false
p1feff2a,region,caribbean,false
p1feff2a,industry,media,true
p1feff2a,industry,public-figures,false
p1feff2a,person_type,public-figure,true
p45c8df1,country,guyana,false
p45c8df1,region,caribbean,false
p45c8df1,industry,film,true
p45c8df1,person_type,public-figure,true
p60ab93f,country,suriname,false
p60ab93f,region,caribbean,false
p60ab93f,industry,music,true
p60ab93f,person_type,public-figure,true
p846355c,country,nigeria,false
p846355c,region,africa,false
p846355c,industry,comedy,true
p846355c,industry,entertainment,false
p846355c,person_type,influencer,true
p57ee860,country,ghana,false
p57ee860,region,africa,false
p57ee860,industry,entertainment,true
p57ee860,industry,media,false
p57ee860,person_type,influencer,true
p28354e8,country,south-africa,false
p28354e8,region,africa,false
p28354e8,industry,sports,true
p28354e8,person_type,public-figure,true
pf9dfbfb,country,zimbabwe,false
pf9dfbfb,region,africa,false
pf9dfbfb,industry,film,true
pf9dfbfb,person_type,public-figure,true
p76c4cee,country,zimbabwe,false
p76c4cee,region,africa,false
p76c4cee,industry,sports,true
p76c4cee,person_type,public-figure,true
pcc229a8,country,zambia,false
pcc229a8,region,africa,false
pcc229a8,industry,music,true
pcc229a8,person_type,public-figure,true
pcfd8a6a,country,malawi,false
pcfd8a6a,region,africa,false
pcfd8a6a,industry,music,true
pcfd8a6a,person_type,public-figure,true
p585a6f8,country,mozambique,false
p585a6f8,region,africa,false
p585a6f8,industry,music,true
p585a6f8,industry,entertainment,false
p585a6f8,person_type,influencer,true
p981306e,country,angola,false
p981306e,region,africa,false
p981306e,industry,music,true
p981306e,person_type,public-figure,true
p8da45c5,country,angola,false
p8da45c5,region,africa,false
p8da45c5,industry,music,true
p8da45c5,person_type,public-figure,true
p9b52d65,country,namibia,false
p9b52d65,region,africa,false
p9b52d65,industry,sports,true
p9b52d65,person_type,public-figure,true
p1a8b620,country,botswana,false
p1a8b620,region,africa,false
p1a8b620,industry,sports,true
p1a8b620,person_type,public-figure,true
p0a2f19f,country,mauritius,false
p0a2f19f,region,africa,false
p0a2f19f,industry,public-figures,true
p0a2f19f,person_type,public-figure,true
pdd737cf,country,madagascar,false
pdd737cf,region,africa,false
pdd737cf,industry,sports,true
pdd737cf,person_type,public-figure,true
p1f385b0,country,senegal,false
p1f385b0,region,africa,false
p1f385b0,industry,music,true
p1f385b0,person_type,public-figure,true
pc7aec3f,country,c-te-d-ivoire,false
pc7aec3f,region,africa,false
pc7aec3f,industry,music,true
pc7aec3f,person_type,public-figure,true
pd37f9b5,country,morocco,false
pd37f9b5,region,africa,false
pd37f9b5,industry,film,true
pd37f9b5,industry,dance,false
pd37f9b5,person_type,public-figure,true
pbd851ac,country,algeria,false
pbd851ac,region,africa,false
pbd851ac,industry,music,true
pbd851ac,person_type,influencer,true
p2a53b3d,country,tunisia,false
p2a53b3d,region,africa,false
p2a53b3d,industry,film,true
p2a53b3d,person_type,public-figure,true
pccce6aa,country,egypt,false
pccce6aa,region,africa,false
pccce6aa,industry,sports,true
pccce6aa,person_type,public-figure,true
pefcd498,country,egypt,false
pefcd498,region,africa,false
pefcd498,industry,music,true
pefcd498,person_type,public-figure,true
pbcb407b,country,egypt,false
pbcb407b,region,africa,false
pbcb407b,industry,film,true
pbcb407b,industry,entertainment,false
pbcb407b,person_type,public-figure,true
p1b48f95,country,ethiopia,false
p1b48f95,region,africa,false
p1b48f95,industry,fashion,true
p1b48f95,industry,business,false
p1b48f95,person_type,public-figure,true
pef893a2,country,ethiopia,false
pef893a2,region,africa,false
pef893a2,industry,sports,true
pef893a2,industry,business,false
pef893a2,person_type,public-figure,true
p0cdb190,country,japan,false
p0cdb190,region,asia,false
p0cdb190,industry,entertainment,true
p0cdb190,person_type,public-figure,true
pe0f08a7,country,south-korea,false
pe0f08a7,region,asia,false
pe0f08a7,industry,music,true
pe0f08a7,industry,fashion,false
pe0f08a7,person_type,public-figure,true
p8c2c2ca,country,south-korea,false
p8c2c2ca,region,asia,false
p8c2c2ca,industry,food,true
p8c2c2ca,industry,travel,false
p8c2c2ca,person_type,influencer,true
p8535594,country,china,false
p8535594,region,asia,false
p8535594,industry,music,true
p8535594,industry,entertainment,false
p8535594,person_type,public-figure,true
p5eb35e5,country,china,false
p5eb35e5,region,asia,false
p5eb35e5,industry,food,true
p5eb35e5,industry,lifestyle,false
p5eb35e5,person_type,influencer,true
p8a45391,country,china,false
p8a45391,region,asia,false
p8a45391,industry,sports,true
p8a45391,industry,fashion,false
p8a45391,person_type,public-figure,true
pb041eda,country,taiwan,false
pb041eda,region,asia,false
pb041eda,industry,music,true
pb041eda,industry,film,false
pb041eda,person_type,public-figure,true
p8845e74,country,taiwan,false
p8845e74,region,asia,false
p8845e74,industry,music,true
p8845e74,industry,fashion,false
p8845e74,person_type,public-figure,true
pb6d2ef3,country,hong-kong,false
pb6d2ef3,region,asia,false
pb6d2ef3,industry,film,true
pb6d2ef3,industry,comedy,false
pb6d2ef3,person_type,public-figure,true
p38b23a3,country,singapore,false
p38b23a3,region,asia,false
p38b23a3,industry,sports,true
p38b23a3,person_type,public-figure,true
pdeebf60,country,singapore,false
pdeebf60,region,asia,false
pdeebf60,industry,education,true
pdeebf60,industry,entertainment,false
pdeebf60,person_type,influencer,true
p4e92ffb,country,singapore,false
p4e92ffb,region,asia,false
p4e92ffb,industry,lifestyle,true
p4e92ffb,industry,beauty,false
p4e92ffb,person_type,influencer,true
p14378ce,country,india,false
p14378ce,region,asia,false
p14378ce,industry,technology,true
p14378ce,industry,business,false
p14378ce,person_type,public-figure,true
pa5063a0,country,india,false
pa5063a0,region,asia,false
pa5063a0,industry,sports,true
pa5063a0,industry,fashion,false
pa5063a0,person_type,public-figure,true
pa7bf8c5,country,india,false
pa7bf8c5,region,asia,false
pa7bf8c5,industry,sports,true
pa7bf8c5,person_type,public-figure,true
p0c09631,country,australia,false
p0c09631,region,oceania,false
p0c09631,industry,film,true
p0c09631,industry,fitness,false
p0c09631,person_type,public-figure,true
p838eb8e,country,australia,false
p838eb8e,region,oceania,false
p838eb8e,industry,sports,true
p838eb8e,person_type,public-figure,true
pfbcb98e,country,australia,false
pfbcb98e,region,oceania,false
pfbcb98e,industry,music,true
pfbcb98e,industry,film,false
pfbcb98e,person_type,public-figure,true
p805e539,country,australia,false
p805e539,region,oceania,false
p805e539,industry,sports,true
p805e539,industry,entertainment,false
p805e539,person_type,influencer,true
p3ef0810,country,fiji,false
p3ef0810,region,oceania,false
p3ef0810,industry,sports,true
p3ef0810,person_type,public-figure,true
p21618b1,country,papua-new-guinea,false
p21618b1,region,oceania,false
p21618b1,industry,sports,true
p21618b1,person_type,public-figure,true
p6b9b587,country,samoa,false
p6b9b587,region,oceania,false
p6b9b587,industry,sports,true
p6b9b587,person_type,public-figure,true
p0d9ab90,country,jamaica,false
p0d9ab90,region,caribbean,false
p0d9ab90,industry,sports,true
p0d9ab90,person_type,public-figure,true
paaf7e39,country,bahamas,false
paaf7e39,region,caribbean,false
paaf7e39,industry,sports,true
paaf7e39,person_type,public-figure,true
p9321558,country,bahamas,false
p9321558,region,caribbean,false
p9321558,industry,sports,true
p9321558,person_type,public-figure,true
pf1e4446,country,trinidad-and-tobago,false
pf1e4446,region,caribbean,false
pf1e4446,industry,music,true
pf1e4446,person_type,public-figure,true
p800f2c2,country,dominican-republic,false
p800f2c2,region,caribbean,false
p800f2c2,industry,sports,true
p800f2c2,person_type,public-figure,true
pb2286c3,country,cuba,false
pb2286c3,region,caribbean,false
pb2286c3,industry,film,true
pb2286c3,person_type,public-figure,true
p4ed49dd,country,chile,false
p4ed49dd,region,latin-america,false
p4ed49dd,industry,sports,true
p4ed49dd,person_type,public-figure,true
p6fdcafe,country,chile,false
p6fdcafe,region,latin-america,false
p6fdcafe,industry,comedy,true
p6fdcafe,industry,gaming,false
p6fdcafe,person_type,influencer,true
p402babb,country,peru,false
p402babb,region,latin-america,false
p402babb,industry,sports,true
p402babb,person_type,public-figure,true
p10c790b,country,colombia,false
p10c790b,region,latin-america,false
p10c790b,industry,sports,true
p10c790b,person_type,public-figure,true
p550d72e,country,ecuador,false
p550d72e,region,latin-america,false
p550d72e,industry,sports,true
p550d72e,person_type,public-figure,true
pb264111,country,paraguay,false
pb264111,region,latin-america,false
pb264111,industry,sports,true
pb264111,person_type,public-figure,true
p43320ad,country,brazil,false
p43320ad,region,latin-america,false
p43320ad,industry,sports,true
p43320ad,industry,fashion,false
p43320ad,person_type,public-figure,true
pbf55a18,country,mexico,false
pbf55a18,region,latin-america,false
pbf55a18,industry,film,true
pbf55a18,industry,fashion,false
pbf55a18,person_type,public-figure,true
pda4e791,country,colombia,false
pda4e791,region,latin-america,false
pda4e791,industry,music,true
pda4e791,industry,fashion,false
pda4e791,industry,business,false
pda4e791,person_type,public-figure,true
pfb015c2,country,colombia,false
pfb015c2,region,latin-america,false
pfb015c2,industry,sports,true
pfb015c2,person_type,public-figure,true
pca771d6,country,venezuela,false
pca771d6,region,latin-america,false
pca771d6,industry,film,true
pca771d6,industry,entertainment,false
pca771d6,person_type,public-figure,true
pb6aa45e,country,bolivia,false
pb6aa45e,region,latin-america,false
pb6aa45e,industry,sports,true
pb6aa45e,person_type,public-figure,true
p8e34b81,country,bolivia,false
p8e34b81,region,latin-america,false
p8e34b81,industry,entertainment,true
p8e34b81,industry,comedy,false
p8e34b81,person_type,influencer,true
p3bff827,country,ecuador,false
p3bff827,region,latin-america,false
p3bff827,industry,sports,true
p3bff827,person_type,public-figure,true
pf457d7c,country,ecuador,false
pf457d7c,region,latin-america,false
pf457d7c,industry,music,true
pf457d7c,person_type,public-figure,true
pa7538a5,country,peru,false
pa7538a5,region,latin-america,false
pa7538a5,industry,literature,true
pa7538a5,person_type,public-figure,true
paa53441,country,peru,false
paa53441,region,latin-america,false
paa53441,industry,lifestyle,true
paa53441,industry,fashion,false
paa53441,person_type,influencer,true
pd134ffe,country,uruguay,false
pd134ffe,region,latin-america,false
pd134ffe,industry,music,true
pd134ffe,industry,film,false
pd134ffe,person_type,public-figure,true
p2b2d0c3,country,paraguay,false
p2b2d0c3,region,latin-america,false
p2b2d0c3,industry,music,true
p2b2d0c3,person_type,public-figure,true
p885bf21,country,costa-rica,false
p885bf21,region,latin-america,false
p885bf21,industry,sports,true
p885bf21,person_type,public-figure,true
p8f5a4bf,country,costa-rica,false
p8f5a4bf,region,latin-america,false
p8f5a4bf,industry,music,true
p8f5a4bf,person_type,public-figure,true
pb704178,country,panama,false
pb704178,region,latin-america,false
pb704178,industry,music,true
pb704178,person_type,public-figure,true
p4f92832,country,panama,false
p4f92832,region,latin-america,false
p4f92832,industry,music,true
p4f92832,person_type,public-figure,true
p8f785b6,country,guatemala,false
p8f785b6,region,latin-america,false
p8f785b6,industry,music,true
p8f785b6,person_type,public-figure,true
p31cfde6,country,el-salvador,false
p31cfde6,region,latin-america,false
p31cfde6,industry,music,true
p31cfde6,person_type,public-figure,true
p4fc40c7,country,honduras,false
p4fc40c7,region,latin-america,false
p4fc40c7,industry,sports,true
p4fc40c7,person_type,public-figure,true
pb416b4c,country,nicaragua,false
pb416b4c,region,latin-america,false
pb416b4c,industry,sports,true
pb416b4c,person_type,public-figure,true
p28a369a,country,puerto-rico,false
p28a369a,region,caribbean,false
p28a369a,industry,music,true
p28a369a,person_type,public-figure,true
p958eacb,country,puerto-rico,false
p958eacb,region,caribbean,false
p958eacb,industry,music,true
p958eacb,industry,dance,false
p958eacb,person_type,public-figure,true
p391b815,country,cura-ao,false
p391b815,region,caribbean,false
p391b815,industry,sports,true
p391b815,person_type,public-figure,true
p1f6e158,country,dominican-republic,false
p1f6e158,region,caribbean,false
p1f6e158,industry,music,true
p1f6e158,person_type,public-figure,true
pc60784f,country,cuba,false
pc60784f,region,caribbean,false
pc60784f,industry,music,true
pc60784f,person_type,public-figure,true
p3c4148a,country,canada,false
p3c4148a,region,north-america,false
p3c4148a,industry,music,true
p3c4148a,industry,business,false
p3c4148a,person_type,public-figure,true
p08a2cb6,country,canada,false
p08a2cb6,region,north-america,false
p08a2cb6,industry,music,true
p08a2cb6,industry,business,false
p08a2cb6,person_type,public-figure,true
p7c67e4b,country,canada,false
p7c67e4b,region,north-america,false
p7c67e4b,industry,film,true
p7c67e4b,industry,business,false
p7c67e4b,person_type,public-figure,true
pe95582d,country,canada,false
pe95582d,region,north-america,false
pe95582d,industry,sports,true
pe95582d,person_type,public-figure,true
p4507f04,country,united-kingdom,false
p4507f04,region,europe,false
p4507f04,industry,lifestyle,true
p4507f04,industry,fashion,false
p4507f04,person_type,influencer,true
p53e834f,country,france,false
p53e834f,region,europe,false
p53e834f,industry,film,true
p53e834f,industry,entertainment,false
p53e834f,person_type,public-figure,true
pb3bb767,country,spain,false
pb3bb767,region,europe,false
pb3bb767,industry,music,true
pb3bb767,industry,fashion,false
pb3bb767,person_type,public-figure,true
p3a2dfd6,country,portugal,false
p3a2dfd6,region,europe,false
p3a2dfd6,industry,sports,true
p3a2dfd6,person_type,public-figure,true
pa791b78,country,italy,false
pa791b78,region,europe,false
pa791b78,industry,lifestyle,true
pa791b78,industry,business,false
pa791b78,person_type,influencer,true
p32355ad,country,germany,false
p32355ad,region,europe,false
p32355ad,industry,sports,true
p32355ad,person_type,public-figure,true
p1d28158,country,belgium,false
p1d28158,region,europe,false
p1d28158,industry,sports,true
p1d28158,person_type,public-figure,true
pd375131,country,switzerland,false
pd375131,region,europe,false
pd375131,industry,sports,true
pd375131,industry,business,false
pd375131,person_type,public-figure,true
p3977364,country,austria,false
p3977364,region,europe,false
p3977364,industry,sports,true
p3977364,industry,fashion,false
p3977364,person_type,public-figure,true
pa863c17,country,greece,false
pa863c17,region,europe,false
pa863c17,industry,sports,true
pa863c17,person_type,public-figure,true
pc8248d0,country,turkey,false
pc8248d0,region,europe,false
pc8248d0,industry,sports,true
pc8248d0,person_type,public-figure,true
p56477f0,country,turkey,false
p56477f0,region,europe,false
p56477f0,industry,entertainment,true
p56477f0,industry,lifestyle,false
p56477f0,person_type,influencer,true
p13f1fc8,country,israel,false
p13f1fc8,region,asia,false
p13f1fc8,industry,film,true
p13f1fc8,industry,fashion,false
p13f1fc8,industry,business,false
p13f1fc8,person_type,public-figure,true
p55dd9b7,country,israel,false
p55dd9b7,region,asia,false
p55dd9b7,industry,music,true
p55dd9b7,industry,entertainment,false
p55dd9b7,person_type,public-figure,true
pef08d7b,country,saudi-arabia,false
pef08d7b,region,asia,false
pef08d7b,industry,sports,true
pef08d7b,person_type,public-figure,true
pa1a345b,country,saudi-arabia,false
pa1a345b,region,asia,false
pa1a345b,industry,music,true
pa1a345b,industry,entertainment,false
pa1a345b,person_type,public-figure,true
p9d30820,country,jordan,false
p9d30820,region,asia,false
p9d30820,industry,travel,true
p9d30820,industry,lifestyle,false
p9d30820,person_type,influencer,true
p20bb714,country,qatar,false
p20bb714,region,asia,false
p20bb714,industry,sports,true
p20bb714,person_type,public-figure,true
p630b1fb,country,iran,false
p630b1fb,region,asia,false
p630b1fb,industry,sports,true
p630b1fb,person_type,public-figure,true
p1fe9949,country,iran,false
p1fe9949,region,asia,false
p1fe9949,industry,entertainment,true
p1fe9949,person_type,influencer,true
p1dd61f8,country,iraq,false
p1dd61f8,region,asia,false
p1dd61f8,industry,music,true
p1dd61f8,person_type,public-figure,true
p6ce2e58,country,syria,false
p6ce2e58,region,asia,false
p6ce2e58,industry,lifestyle,true
p6ce2e58,industry,beauty,false
p6ce2e58,person_type,influencer,true
pfea5d20,country,palestine,false
pfea5d20,region,asia,false
pfea5d20,industry,music,true
pfea5d20,person_type,public-figure,true
p2ae0428,country,nigeria,false
p2ae0428,region,africa,false
p2ae0428,industry,sports,true
p2ae0428,person_type,public-figure,true
p3a13e25,country,ghana,false
p3a13e25,region,africa,false
p3a13e25,industry,music,true
p3a13e25,person_type,public-figure,true
p76484d6,country,ghana,false
p76484d6,region,africa,false
p76484d6,industry,sports,true
p76484d6,person_type,public-figure,true
p0f0dcb7,country,kenya,false
p0f0dcb7,region,africa,false
p0f0dcb7,industry,sports,true
p0f0dcb7,person_type,public-figure,true
pdfecddf,country,kenya,false
pdfecddf,region,africa,false
pdfecddf,industry,beauty,true
pdfecddf,industry,lifestyle,false
pdfecddf,person_type,influencer,true
pa5150c8,country,south-africa,false
pa5150c8,region,africa,false
pa5150c8,industry,music,true
pa5150c8,person_type,public-figure,true
p0d3096d,country,south-africa,false
p0d3096d,region,africa,false
p0d3096d,industry,music,true
p0d3096d,person_type,public-figure,true
p4838d4b,country,south-africa,false
p4838d4b,region,africa,false
p4838d4b,industry,business,true
p4838d4b,person_type,public-figure,true
p8b0d057,country,tanzania,false
p8b0d057,region,africa,false
p8b0d057,industry,music,true
p8b0d057,person_type,public-figure,true
p85d8cf2,country,uganda,false
p85d8cf2,region,africa,false
p85d8cf2,industry,sports,true
p85d8cf2,person_type,public-figure,true
p67be31e,country,uganda,false
p67be31e,region,africa,false
p67be31e,industry,music,true
p67be31e,person_type,public-figure,true
p2b3c095,country,rwanda,false
p2b3c095,region,africa,false
p2b3c095,industry,music,true
p2b3c095,industry,entertainment,false
p2b3c095,person_type,influencer,true
pe1d4ef2,country,rwanda,false
pe1d4ef2,region,africa,false
pe1d4ef2,industry,fashion,true
pe1d4ef2,industry,lifestyle,false
pe1d4ef2,person_type,influencer,true
p763b425,country,senegal,false
p763b425,region,africa,false
p763b425,industry,sports,true
p763b425,person_type,public-figure,true
pc2fb402,country,c-te-d-ivoire,false
pc2fb402,region,africa,false
pc2fb402,industry,sports,true
pc2fb402,person_type,public-figure,true
pf31eeb8,country,cameroon,false
pf31eeb8,region,africa,false
pf31eeb8,industry,music,true
pf31eeb8,person_type,public-figure,true
pd108353,country,morocco,false
pd108353,region,africa,false
pd108353,industry,sports,true
pd108353,person_type,public-figure,true
pf346511,country,morocco,false
pf346511,region,africa,false
pf346511,industry,music,true
pf346511,industry,fashion,false
pf346511,person_type,public-figure,true
pa3669cd,country,tunisia,false
pa3669cd,region,asia,false
pa3669cd,industry,sports,true
pa3669cd,person_type,public-figure,true
p7d0cb90,country,egypt,false
p7d0cb90,region,africa,false
p7d0cb90,industry,film,true
p7d0cb90,industry,comedy,false
p7d0cb90,person_type,public-figure,true
pec13ed9,country,egypt,false
pec13ed9,region,africa,false
pec13ed9,industry,film,true
pec13ed9,person_type,public-figure,true
p3283839,country,bangladesh,false
p3283839,region,asia,false
p3283839,industry,sports,true
p3283839,person_type,public-figure,true
pb95887c,country,pakistan,false
pb95887c,region,asia,false
pb95887c,industry,sports,true
pb95887c,industry,media,false
pb95887c,person_type,public-figure,true
p1ce98c2,country,sri-lanka,false
p1ce98c2,region,asia,false
p1ce98c2,industry,sports,true
p1ce98c2,person_type,public-figure,true
pc83f38f,country,sri-lanka,false
pc83f38f,region,asia,false
pc83f38f,industry,music,true
pc83f38f,person_type,public-figure,true
p9c1e0be,country,nepal,false
p9c1e0be,region,asia,false
p9c1e0be,industry,sports,true
p9c1e0be,person_type,public-figure,true
p96d0c90,country,nepal,false
p96d0c90,region,asia,false
p96d0c90,industry,film,true
p96d0c90,industry,music,false
p96d0c90,person_type,public-figure,true
p81259a8,country,vietnam,false
p81259a8,region,asia,false
p81259a8,industry,music,true
p81259a8,person_type,public-figure,true
padc39a6,country,vietnam,false
padc39a6,region,asia,false
padc39a6,industry,fashion,true
padc39a6,person_type,public-figure,true
p9ef16ee,country,thailand,false
p9ef16ee,region,asia,false
p9ef16ee,industry,music,true
p9ef16ee,industry,fashion,false
p9ef16ee,person_type,public-figure,true
p4143399,country,thailand,false
p4143399,region,asia,false
p4143399,industry,film,true
p4143399,industry,fashion,false
p4143399,person_type,public-figure,true
p23993d1,country,indonesia,false
p23993d1,region,asia,false
p23993d1,industry,music,true
p23993d1,industry,film,false
p23993d1,person_type,public-figure,true
pc5ec6bd,country,indonesia,false
pc5ec6bd,region,asia,false
pc5ec6bd,industry,sports,true
pc5ec6bd,person_type,public-figure,true
p9613ec0,country,malaysia,false
p9613ec0,region,asia,false
p9613ec0,industry,sports,true
p9613ec0,industry,business,false
p9613ec0,person_type,public-figure,true
p5c5e698,country,philippines,false
p5c5e698,region,asia,false
p5c5e698,industry,film,true
p5c5e698,industry,fashion,false
p5c5e698,person_type,public-figure,true
p6e3b844,country,japan,false
p6e3b844,region,asia,false
p6e3b844,industry,sports,true
p6e3b844,person_type,public-figure,true
p336162b,country,japan,false
p336162b,region,asia,false
p336162b,industry,fashion,true
p336162b,industry,comedy,false
p336162b,person_type,influencer,true
p46ea3b1,country,south-korea,false
p46ea3b1,region,asia,false
p46ea3b1,industry,film,true
p46ea3b1,industry,fashion,false
p46ea3b1,person_type,public-figure,true
p1973b76,country,south-korea,false
p1973b76,region,asia,false
p1973b76,industry,film,true
p1973b76,industry,fashion,false
p1973b76,person_type,public-figure,true
p7cb5e55,country,china,false
p7cb5e55,region,asia,false
p7cb5e55,industry,film,true
p7cb5e55,industry,fashion,false
p7cb5e55,person_type,public-figure,true
p03b9de7,country,china,false
p03b9de7,region,asia,false
p03b9de7,industry,film,true
p03b9de7,industry,fashion,false
p03b9de7,person_type,public-figure,true
p4549520,country,taiwan,false
p4549520,region,asia,false
p4549520,industry,music,true
p4549520,industry,fashion,false
p4549520,person_type,public-figure,true
pd578799,country,hong-kong,false
pd578799,region,asia,false
pd578799,industry,music,true
pd578799,industry,film,false
pd578799,person_type,public-figure,true
pb5e2c93,country,mongolia,false
pb5e2c93,region,asia,false
pb5e2c93,industry,business,true
pb5e2c93,person_type,public-figure,true
p5bc1cf6,country,kazakhstan,false
p5bc1cf6,region,asia,false
p5bc1cf6,industry,sports,true
p5bc1cf6,person_type,public-figure,true
p39bcd97,country,uzbekistan,false
p39bcd97,region,asia,false
p39bcd97,industry,sports,true
p39bcd97,person_type,public-figure,true
pb5bd932,country,kyrgyzstan,false
pb5bd932,region,asia,false
pb5bd932,industry,lifestyle,true
pb5bd932,industry,fashion,false
pb5bd932,person_type,influencer,true
p76ea637,country,georgia,false
p76ea637,region,europe,false
p76ea637,industry,music,true
p76ea637,person_type,public-figure,true
p573b504,country,armenia,false
p573b504,region,europe,false
p573b504,industry,lifestyle,true
p573b504,industry,entertainment,false
p573b504,person_type,influencer,true
p1d1690d,country,azerbaijan,false
p1d1690d,region,europe,false
p1d1690d,industry,music,true
p1d1690d,person_type,public-figure,true
p61a116c,country,serbia,false
p61a116c,region,europe,false
p61a116c,industry,lifestyle,true
p61a116c,industry,education,false
p61a116c,person_type,influencer,true
p8ff1a48,country,croatia,false
p8ff1a48,region,europe,false
p8ff1a48,industry,media,true
p8ff1a48,industry,entertainment,false
p8ff1a48,person_type,public-figure,true
p235a794,country,slovenia,false
p235a794,region,europe,false
p235a794,industry,sports,true
p235a794,person_type,public-figure,true
pd3ebd9e,country,bosnia-and-herzegovina,false
pd3ebd9e,region,europe,false
pd3ebd9e,industry,sports,true
pd3ebd9e,person_type,public-figure,true
p8a0895c,country,albania,false
p8a0895c,region,europe,false
p8a0895c,industry,music,true
p8a0895c,person_type,public-figure,true
p4065871,country,montenegro,false
p4065871,region,europe,false
p4065871,industry,sports,true
p4065871,person_type,public-figure,true
p124e502,country,bulgaria,false
p124e502,region,europe,false
p124e502,industry,film,true
p124e502,person_type,public-figure,true
p4bfd521,country,romania,false
p4bfd521,region,europe,false
p4bfd521,industry,music,true
p4bfd521,industry,fashion,false
p4bfd521,person_type,public-figure,true
pad50a40,country,moldova,false
pad50a40,region,europe,false
pad50a40,industry,music,true
pad50a40,person_type,public-figure,true
p4cf7f75,country,ukraine,false
p4cf7f75,region,europe,false
p4cf7f75,industry,sports,true
p4cf7f75,person_type,public-figure,true
p2c490f4,country,lithuania,false
p2c490f4,region,europe,false
p2c490f4,industry,music,true
p2c490f4,person_type,public-figure,true
pd07212a,country,latvia,false
pd07212a,region,europe,false
pd07212a,industry,music,true
pd07212a,person_type,public-figure,true
pbca45bb,country,sweden,false
pbca45bb,region,europe,false
pbca45bb,industry,music,true
pbca45bb,industry,fashion,false
pbca45bb,person_type,public-figure,true
pa95dc79,country,ireland,false
pa95dc79,region,europe,false
pa95dc79,industry,film,true
pa95dc79,industry,entertainment,false
pa95dc79,person_type,public-figure,true
pcafce9d,country,iceland,false
pcafce9d,region,europe,false
pcafce9d,industry,sports,true
pcafce9d,industry,fitness,false
pcafce9d,person_type,public-figure,true
pec59a97,country,fiji,false
pec59a97,region,oceania,false
pec59a97,industry,sports,true
pec59a97,person_type,public-figure,true
p04c38d3,country,jamaica,false
p04c38d3,region,caribbean,false
p04c38d3,industry,sports,true
p04c38d3,person_type,public-figure,true
pdac3ca2,country,bahamas,false
pdac3ca2,region,caribbean,false
pdac3ca2,industry,sports,true
pdac3ca2,person_type,public-figure,true
p9844031,country,barbados,false
p9844031,region,caribbean,false
p9844031,industry,sports,true
p9844031,person_type,public-figure,true
p60872e6,country,trinidad-and-tobago,false
p60872e6,region,caribbean,false
p60872e6,industry,sports,true
p60872e6,person_type,public-figure,true
pcece90a,country,dominican-republic,false
pcece90a,region,caribbean,false
pcece90a,industry,sports,true
pcece90a,person_type,public-figure,true
pbae655d,country,brazil,false
pbae655d,region,latin-america,false
pbae655d,industry,sports,true
pbae655d,industry,entertainment,false
pbae655d,person_type,public-figure,true
pe70ceee,country,argentina,false
pe70ceee,region,latin-america,false
pe70ceee,industry,sports,true
pe70ceee,person_type,public-figure,true
p9f4274e,country,chile,false
p9f4274e,region,latin-america,false
p9f4274e,industry,music,true
p9f4274e,industry,art,false
p9f4274e,person_type,public-figure,true
p3573da7,country,peru,false
p3573da7,region,latin-america,false
p3573da7,industry,sports,true
p3573da7,person_type,public-figure,true
pfdd8d07,country,bolivia,false
pfdd8d07,region,latin-america,false
pfdd8d07,industry,sports,true
pfdd8d07,person_type,public-figure,true
p0d9a751,country,costa-rica,false
p0d9a751,region,latin-america,false
p0d9a751,industry,sports,true
p0d9a751,person_type,public-figure,true
p2945ec7,country,panama,false
p2945ec7,region,latin-america,false
p2945ec7,industry,sports,true
p2945ec7,industry,business,false
p2945ec7,person_type,public-figure,true
p94e9c87,country,guatemala,false
p94e9c87,region,latin-america,false
p94e9c87,industry,music,true
p94e9c87,person_type,public-figure,true
pkcf3b6aa7,country,gb,true
pkcf3b6aa7,industry,sports,true
pkcf3b6aa7,topic,boxing,true
pkf194f6db,country,jp,true
pkf194f6db,industry,sports,true
pkf194f6db,topic,boxing,true
pk9f0a1caf,country,in,true
pk9f0a1caf,industry,sports,true
pk9f0a1caf,topic,boxing,true
pk9deb425c,country,in,true
pk9deb425c,industry,sports,true
pk9deb425c,topic,badminton,true
pk7b2818ce,country,cn,true
pk7b2818ce,industry,sports,true
pk7b2818ce,topic,swimming,true
pke1550aff,country,ph,true
pke1550aff,industry,sports,true
pke1550aff,topic,weightlifting,true
pk73a0be58,country,ke,true
pk73a0be58,industry,sports,true
pk73a0be58,topic,athletics,true
pk196cf446,country,za,true
pk196cf446,industry,sports,true
pk196cf446,topic,athletics,true
pkf25cb5de,country,ng,true
pkf25cb5de,industry,sports,true
pkf25cb5de,topic,football,true
pkbf553930,country,ma,true
pkbf553930,industry,sports,true
pkbf553930,topic,football,true
pk9f11858b,country,us,true
pk9f11858b,industry,entertainment,true
pk9f11858b,topic,comedy,true
pkfae48d2e,country,gb,true
pkfae48d2e,industry,entertainment,true
pkfae48d2e,topic,entertainment,true
pk4a8f7d90,country,us,true
pk4a8f7d90,industry,entertainment,true
pk4a8f7d90,topic,entertainment,true
pk1eab4262,country,gb,true
pk1eab4262,industry,entertainment,true
pk1eab4262,topic,entertainment,true
pkdd8aa453,country,gb,true
pkdd8aa453,industry,entertainment,true
pkdd8aa453,topic,entertainment,true
pk7849d673,country,ca,true
pk7849d673,industry,entertainment,true
pk7849d673,topic,entertainment,true
pkc56fc71b,country,us,true
pkc56fc71b,industry,beauty,true
pkc56fc71b,topic,beauty,true
pkc56fc71b,topic,cosmetics,true
pkb704610c,country,us,true
pkb704610c,industry,food-&-hospitality,true
pkb704610c,topic,food,true
pkb704610c,topic,education,true
pkce78d503,country,es,true
pkce78d503,industry,food-&-hospitality,true
pkce78d503,topic,food,true
pkce78d503,topic,philanthropy,true
pk24226899,country,kr,true
pk24226899,industry,food-&-hospitality,true
pk24226899,topic,food,true
pk24226899,topic,korean-cuisine,true
pkba720057,country,in,true
pkba720057,industry,food-&-hospitality,true
pkba720057,topic,food,true
pkba720057,topic,indian-cuisine,true
pk2a71a715,country,pl,true
pk2a71a715,industry,travel,true
pk2a71a715,topic,travel,true
pk2a71a715,topic,culture,true
pk9d8cf0c4,country,ca,true
pk9d8cf0c4,industry,technology,true
pk9d8cf0c4,topic,technology,true
pk9d8cf0c4,topic,laptops,true
pk9d8cf0c4,topic,consumer-electronics,true
pk2d2af625,country,ng,true
pk2d2af625,industry,entertainment,true
pk2d2af625,topic,music,true
pk2d2af625,topic,african-music,true
pk60ead82f,country,ng,true
pk60ead82f,industry,entertainment,true
pk60ead82f,topic,music,true
pk60ead82f,topic,african-music,true
pk9c3a22f4,country,cd,true
pk9c3a22f4,industry,entertainment,true
pk9c3a22f4,topic,music,true
pk9c3a22f4,topic,african-music,true
pk8473703f,country,sz,true
pk8473703f,industry,entertainment,true
pk8473703f,topic,music,true
pk8473703f,topic,african-music,true
pk1d18e188,country,nl,true
pk1d18e188,industry,technology,true
pk1d18e188,topic,climate-technology,true
pk1d18e188,topic,oceans,true
pk72ee3e09,country,us,true
pk72ee3e09,industry,education,true
pk72ee3e09,topic,education,true
pk72ee3e09,topic,edtech,true
pkc678c371,country,gb,true
pkc678c371,industry,technology,true
pkc678c371,topic,ai,true
pkc678c371,topic,machine-learning,true
pkc678c371,topic,education,true
pkd43f88d1,country,cn,true
pkd43f88d1,industry,technology,true
pkd43f88d1,topic,ai,true
pkd43f88d1,topic,machine-learning,true
pkd43f88d1,topic,education,true
pkac2781d1,country,gb,true
pkac2781d1,industry,beauty,true
pkac2781d1,topic,beauty,true
pkac2781d1,topic,modest-fashion,true
pkac2781d1,topic,entrepreneurship,true
pk4c146ed6,country,gb,true
pk4c146ed6,industry,beauty,true
pk4c146ed6,topic,beauty,true
pk4c146ed6,topic,cosmetics,true
pk4c146ed6,topic,culture,true
pk62f8ff36,country,gb,true
pk62f8ff36,industry,beauty,true
pk62f8ff36,topic,beauty,true
pk62f8ff36,topic,makeup,true
pk3f8d9a35,country,us,true
pk3f8d9a35,industry,beauty,true
pk3f8d9a35,topic,beauty,true
pk3f8d9a35,topic,entrepreneurship,true
pk3f8d9a35,topic,representation,true
pkfc51c9a4,country,us,true
pkfc51c9a4,industry,health-&-fitness,true
pkfc51c9a4,topic,wellness,true
pkfc51c9a4,topic,beauty,true
pkfc51c9a4,topic,lifestyle,true
pk684eee6f,country,au,true
pk684eee6f,industry,health-&-fitness,true
pk684eee6f,topic,fitness,true
pk684eee6f,topic,wellness,true
pk684eee6f,topic,entrepreneurship,true
pk99b89929,country,us,true
pk99b89929,industry,health-&-fitness,true
pk99b89929,topic,health-education,true
pk99b89929,topic,medicine,true
pk99b89929,topic,media,true
pk0ae1b103,country,gb,true
pk0ae1b103,industry,education,true
pk0ae1b103,topic,mental-health-education,true
pk0ae1b103,topic,psychology,true
pk0ae1b103,topic,self-help,true
pkc44e65ca,country,es,true
pkc44e65ca,industry,marketing,true
pkc44e65ca,topic,seo,true
pkc44e65ca,topic,international-seo,true
pkc44e65ca,topic,ecommerce,true
pkb6873730,country,us,true
pkb6873730,industry,marketing,true
pkb6873730,topic,seo,true
pkb6873730,topic,organic-search,true
pkb6873730,topic,content,true
pk9f7a1bf7,country,us,true
pk9f7a1bf7,industry,arts-&-media,true
pk9f7a1bf7,topic,science,true
pk9f7a1bf7,topic,technology,true
pk9f7a1bf7,topic,humor,true
pk13c27729,country,se,true
pk13c27729,industry,technology,true
pk13c27729,topic,engineering,true
pk13c27729,topic,robotics,true
pk13c27729,topic,creativity,true
pk9f53d373,country,gb,true
pk9f53d373,industry,food-&-hospitality,true
pk9f53d373,topic,coffee,true
pk9f53d373,topic,food,true
pk9f53d373,topic,education,true
pk9f6a2174,country,us,true
pk9f6a2174,industry,food-&-hospitality,true
pk9f6a2174,topic,coffee,true
pk9f6a2174,topic,education,true
pk9f6a2174,topic,specialty-coffee,true
pkdcf8b7c7,country,th,true
pkdcf8b7c7,industry,food-&-hospitality,true
pkdcf8b7c7,topic,food,true
pkdcf8b7c7,topic,thai-cuisine,true
pkdcf8b7c7,topic,education,true
pke859b2c9,country,tw,true
pke859b2c9,industry,food-&-hospitality,true
pke859b2c9,topic,food,true
pke859b2c9,topic,asian-cuisine,true
pke859b2c9,topic,recipes,true
pk95129c8c,country,us,true
pk95129c8c,industry,food-&-hospitality,true
pk95129c8c,topic,healthy-cooking,true
pk95129c8c,topic,family-food,true
